outcome,outcome_label,conv_def,conv_def_label,term,b,se,t,p,ci_lo,ci_hi,irr,irr_lo,irr_hi,n_obs,n_jobs_sample,n_events,fe,offset,cluster,window,unit
n_disc,discretionary_field+followup (agency),conversion,"non-residential-to-residential conversion, any size (Alt-CO family, 0 existing units, >0 proposed)",conversion,0.4196627942629236,0.10243919258881821,4.09670150317772,4.1907871155988374e-05,0.2188856661834774,0.6204399223423698,1.521448427970125,1.2446889585127858,1.8597460057319104,389925,406769,56275,nta^first_permit_quarter,log(active months),bbl,2020-01..2026-05,base project (Critic B collapse)
n_disc,discretionary_field+followup (agency),conversion,"non-residential-to-residential conversion, any size (Alt-CO family, 0 existing units, >0 proposed)",log_cost,0.09870227807583694,0.0037367583325758325,26.413877829717507,0.0,0.09137836632505836,0.10602618982661552,1.1037376437422224,1.0956834965767688,1.1118509953100104,389925,406769,56275,nta^first_permit_quarter,log(active months),bbl,2020-01..2026-05,base project (Critic B collapse)
n_disc,discretionary_field+followup (agency),conversion,"non-residential-to-residential conversion, any size (Alt-CO family, 0 existing units, >0 proposed)",log_floor,0.06812245531478718,0.003976605329256995,17.130806221475204,0.0,0.06032845208871342,0.07591645854086093,1.0704963884251157,1.0621853662590905,1.078872439814512,389925,406769,56275,nta^first_permit_quarter,log(active months),bbl,2020-01..2026-05,base project (Critic B collapse)
n_disc,discretionary_field+followup (agency),conversion,"non-residential-to-residential conversion, any size (Alt-CO family, 0 existing units, >0 proposed)",floor_missing,-0.8416001736470258,0.08911939959769442,-9.443512607201166,0.0,-1.0162709871823403,-0.6669293601117112,0.43102026404107324,0.3619421135793196,0.5132822654342022,389925,406769,56275,nta^first_permit_quarter,log(active months),bbl,2020-01..2026-05,base project (Critic B collapse)
n_disc,discretionary_field+followup (agency),conversion,"non-residential-to-residential conversion, any size (Alt-CO family, 0 existing units, >0 proposed)",jt_new_building,1.1178177168753196,0.03744646035839218,29.851091563179054,0.0,1.0444240032243641,1.191211430526275,3.0581731163486747,2.8417612068601623,3.291065690875264,389925,406769,56275,nta^first_permit_quarter,log(active months),bbl,2020-01..2026-05,base project (Critic B collapse)
n_disc,discretionary_field+followup (agency),conversion,"non-residential-to-residential conversion, any size (Alt-CO family, 0 existing units, >0 proposed)",jt_alteration_co,0.7816900824642159,0.030793104788675633,25.38523113627982,0.0,0.7213367061062438,0.842043458822188,2.185162250831713,2.0571812202928896,2.3211052168656727,389925,406769,56275,nta^first_permit_quarter,log(active months),bbl,2020-01..2026-05,base project (Critic B collapse)
n_disc,discretionary_field+followup (agency),conversion,"non-residential-to-residential conversion, any size (Alt-CO family, 0 existing units, >0 proposed)",jt_altco_existing,1.2746298959927937,0.04506951660378045,28.281419283868626,0.0,1.186295266648754,1.3629645253368334,3.57737716343872,3.2749259778505833,3.907760803159365,389925,406769,56275,nta^first_permit_quarter,log(active months),bbl,2020-01..2026-05,base project (Critic B collapse)
n_disc,discretionary_field+followup (agency),conversion,"non-residential-to-residential conversion, any size (Alt-CO family, 0 existing units, >0 proposed)",jt_full_demolition,1.5580357374461096,0.06526841430874808,23.871205604535152,0.0,1.4301119960729245,1.6859594788192946,4.749482845302476,4.179167216030616,5.397627357741326,389925,406769,56275,nta^first_permit_quarter,log(active months),bbl,2020-01..2026-05,base project (Critic B collapse)
n_disc,discretionary_field+followup (agency),conversion_ge10,non-residential-to-residential conversion (10+ units),conversion_ge10,0.7157103492577859,0.14485390844932855,4.940911549570988,7.775817920663286e-07,0.43180190567723964,0.9996187928383321,2.045639284617497,1.5400300137400926,2.7172457974423727,389925,406769,56275,nta^first_permit_quarter,log(active months),bbl,2020-01..2026-05,base project (Critic B collapse)
n_disc,discretionary_field+followup (agency),conversion_ge10,non-residential-to-residential conversion (10+ units),log_cost,0.0984078801674818,0.00373433827183635,26.35216014297762,0.0,0.091088711648593,0.10572704868637059,1.10341275351438,1.0953661726874524,1.1115184446777584,389925,406769,56275,nta^first_permit_quarter,log(active months),bbl,2020-01..2026-05,base project (Critic B collapse)
n_disc,discretionary_field+followup (agency),conversion_ge10,non-residential-to-residential conversion (10+ units),log_floor,0.06787553032663586,0.003973021123975537,17.084110103778496,0.0,0.060088552013826964,0.07566250863944476,1.0702320887495278,1.061930578473208,1.0785984950503757,389925,406769,56275,nta^first_permit_quarter,log(active months),bbl,2020-01..2026-05,base project (Critic B collapse)
n_disc,discretionary_field+followup (agency),conversion_ge10,non-residential-to-residential conversion (10+ units),floor_missing,-0.8436007922915358,0.08909808200457812,-9.468226176273795,0.0,-1.0182298241121053,-0.6689717604709664,0.43015881886363866,0.3612338219411909,0.5122350073750425,389925,406769,56275,nta^first_permit_quarter,log(active months),bbl,2020-01..2026-05,base project (Critic B collapse)
n_disc,discretionary_field+followup (agency),conversion_ge10,non-residential-to-residential conversion (10+ units),jt_new_building,1.1194223616950698,0.037428245782149094,29.908491255792796,0.0,1.0460643479575444,1.1927803754325952,3.063084337326554,2.846426500187373,3.296233244370663,389925,406769,56275,nta^first_permit_quarter,log(active months),bbl,2020-01..2026-05,base project (Critic B collapse)
n_disc,discretionary_field+followup (agency),conversion_ge10,non-residential-to-residential conversion (10+ units),jt_alteration_co,0.7843742089344997,0.030783136764306645,25.48064594391789,0.0,0.7240403695452878,0.8447080483237116,2.191035381257357,2.0627506715138755,2.327298256748758,389925,406769,56275,nta^first_permit_quarter,log(active months),bbl,2020-01..2026-05,base project (Critic B collapse)
n_disc,discretionary_field+followup (agency),conversion_ge10,non-residential-to-residential conversion (10+ units),jt_altco_existing,1.2789275474549566,0.04412688587396034,28.982954997276682,0.0,1.192440440392085,1.3654146545178283,3.592784567748401,3.295112929617115,3.917347060924846,389925,406769,56275,nta^first_permit_quarter,log(active months),bbl,2020-01..2026-05,base project (Critic B collapse)
n_disc,discretionary_field+followup (agency),conversion_ge10,non-residential-to-residential conversion (10+ units),jt_full_demolition,1.5584494195787726,0.06536581668109744,23.84196356303534,0.0,1.430334773063774,1.686564066093771,4.751448027947416,4.180098342040135,5.4008916812389725,389925,406769,56275,nta^first_permit_quarter,log(active months),bbl,2020-01..2026-05,base project (Critic B collapse)
n_disc,discretionary_field+followup (agency),conversion_office,office/store-class conversion (relaxed + PLUTO class O/K),conversion_office,0.5200721282150189,0.21959652739176694,2.3683076157538423,0.01786967128080641,0.08967084339709219,0.9504734130329456,1.682148975726334,1.093814188282141,2.5869340577682043,389925,406769,56275,nta^first_permit_quarter,log(active months),bbl,2020-01..2026-05,base project (Critic B collapse)
n_disc,discretionary_field+followup (agency),conversion_office,office/store-class conversion (relaxed + PLUTO class O/K),log_cost,0.09896242400173742,0.0037407858831201377,26.45498221330814,0.0,0.09163061839694608,0.10629422960652876,1.1040248139449644,1.0959599198716223,1.1121490555503057,389925,406769,56275,nta^first_permit_quarter,log(active months),bbl,2020-01..2026-05,base project (Critic B collapse)
n_disc,discretionary_field+followup (agency),conversion_office,office/store-class conversion (relaxed + PLUTO class O/K),log_floor,0.06831314294312114,0.003981525279486269,17.157530882721282,0.0,0.06050949679179228,0.07611678909445001,1.0707005383063743,1.062377686702113,1.0790885925779106,389925,406769,56275,nta^first_permit_quarter,log(active months),bbl,2020-01..2026-05,base project (Critic B collapse)
n_disc,discretionary_field+followup (agency),conversion_office,office/store-class conversion (relaxed + PLUTO class O/K),floor_missing,-0.8375406711496849,0.08913929504003752,-9.3958637520467,0.0,-1.0122504790354483,-0.6628308632639215,0.4327735482022893,0.3634002340240855,0.5153902680513567,389925,406769,56275,nta^first_permit_quarter,log(active months),bbl,2020-01..2026-05,base project (Critic B collapse)
n_disc,discretionary_field+followup (agency),conversion_office,office/store-class conversion (relaxed + PLUTO class O/K),jt_new_building,1.1176387611491567,0.03747346306015619,29.824805872758812,0.0,1.0441921231752584,1.191085399123055,3.057625887724215,2.84110233552448,3.2906509393845584,389925,406769,56275,nta^first_permit_quarter,log(active months),bbl,2020-01..2026-05,base project (Critic B collapse)
n_disc,discretionary_field+followup (agency),conversion_office,office/store-class conversion (relaxed + PLUTO class O/K),jt_alteration_co,0.7897504924000339,0.03096809746753672,25.502066868263853,0.0,0.7290541366939359,0.8504468481061319,2.202846730681311,2.0731187930207082,2.3406925523080093,389925,406769,56275,nta^first_permit_quarter,log(active months),bbl,2020-01..2026-05,base project (Critic B collapse)
n_disc,discretionary_field+followup (agency),conversion_office,office/store-class conversion (relaxed + PLUTO class O/K),jt_altco_existing,1.3098975016449064,0.04313110524570257,30.370135292914153,0.0,1.2253620887499228,1.39443291453989,3.7057938549687095,3.405398916216354,4.032687045893029,389925,406769,56275,nta^first_permit_quarter,log(active months),bbl,2020-01..2026-05,base project (Critic B collapse)
n_disc,discretionary_field+followup (agency),conversion_office,office/store-class conversion (relaxed + PLUTO class O/K),jt_full_demolition,1.5574874836948522,0.06533045391899023,23.84014483698731,0.0,1.4294421469199778,1.6855328204697266,4.74687963719052,4.1763687417933735,5.3953249061763096,389925,406769,56275,nta^first_permit_quarter,log(active months),bbl,2020-01..2026-05,base project (Critic B collapse)
n_stat,statutory_periodic (agency contrast),conversion,"non-residential-to-residential conversion, any size (Alt-CO family, 0 existing units, >0 proposed)",conversion,-0.12073794892702397,0.11479966906581297,-1.0517273256058488,0.2929246702782571,-0.3457411657331344,0.10426526787908647,0.8862661761676526,0.7076956392844075,1.1098948353179976,385747,406769,47287,nta^first_permit_quarter,log(active months),bbl,2020-01..2026-05,base project (Critic B collapse)
n_stat,statutory_periodic (agency contrast),conversion,"non-residential-to-residential conversion, any size (Alt-CO family, 0 existing units, >0 proposed)",log_cost,0.1373584669754186,0.00447762465732594,30.676637165351366,0.0,0.12858248391077126,0.14613445004006592,1.1472393222298183,1.1372152193814287,1.1573517835843223,385747,406769,47287,nta^first_permit_quarter,log(active months),bbl,2020-01..2026-05,base project (Critic B collapse)
n_stat,statutory_periodic (agency contrast),conversion,"non-residential-to-residential conversion, any size (Alt-CO family, 0 existing units, >0 proposed)",log_floor,0.008147175903778846,0.0035949814393794496,2.2662636904142617,0.023435243134412254,0.00110114175750516,0.015193210050052534,1.008180454455395,1.0011017482366764,1.0153092136101107,385747,406769,47287,nta^first_permit_quarter,log(active months),bbl,2020-01..2026-05,base project (Critic B collapse)
n_stat,statutory_periodic (agency contrast),conversion,"non-residential-to-residential conversion, any size (Alt-CO family, 0 existing units, >0 proposed)",floor_missing,-1.0731773764435777,0.07302052723576845,-14.696927248669487,0.0,-1.21629497995781,-0.9300597729293454,0.34192037986229445,0.2963260294522511,0.3945301274453654,385747,406769,47287,nta^first_permit_quarter,log(active months),bbl,2020-01..2026-05,base project (Critic B collapse)
n_stat,statutory_periodic (agency contrast),conversion,"non-residential-to-residential conversion, any size (Alt-CO family, 0 existing units, >0 proposed)",jt_new_building,0.9744228182966426,0.03674581463437317,26.517926680692973,0.0,0.9024023450306863,1.0464432915625987,2.6496374472941606,2.465519029662017,2.847505339703634,385747,406769,47287,nta^first_permit_quarter,log(active months),bbl,2020-01..2026-05,base project (Critic B collapse)
n_stat,statutory_periodic (agency contrast),conversion,"non-residential-to-residential conversion, any size (Alt-CO family, 0 existing units, >0 proposed)",jt_alteration_co,-0.029176675645004133,0.0471077559794186,-0.6193603375578203,0.5356790036615899,-0.12150618075716599,0.06315282946715772,0.9712448539963192,0.8855855797425338,1.0651896191541215,385747,406769,47287,nta^first_permit_quarter,log(active months),bbl,2020-01..2026-05,base project (Critic B collapse)
n_stat,statutory_periodic (agency contrast),conversion,"non-residential-to-residential conversion, any size (Alt-CO family, 0 existing units, >0 proposed)",jt_altco_existing,0.9555050522715371,0.04679510817349365,20.41890893229664,0.0,0.8637883255988337,1.0472217789442406,2.5999833788877895,2.37213009463453,2.8497229497584766,385747,406769,47287,nta^first_permit_quarter,log(active months),bbl,2020-01..2026-05,base project (Critic B collapse)
n_stat,statutory_periodic (agency contrast),conversion,"non-residential-to-residential conversion, any size (Alt-CO family, 0 existing units, >0 proposed)",jt_full_demolition,0.5416566438788328,0.10948067944926386,4.94750897239225,7.516924012129778e-07,0.3270784551553012,0.7562348326023645,1.718852030513774,1.386910283173706,2.1302403902007034,385747,406769,47287,nta^first_permit_quarter,log(active months),bbl,2020-01..2026-05,base project (Critic B collapse)
n_stat,statutory_periodic (agency contrast),conversion_ge10,non-residential-to-residential conversion (10+ units),conversion_ge10,0.13066387102221985,0.17885144207628406,0.7305720854433415,0.46504056764515145,-0.2198785140303486,0.4812062560747883,1.1395846694980538,0.8026162986591758,1.6180249779682716,385747,406769,47287,nta^first_permit_quarter,log(active months),bbl,2020-01..2026-05,base project (Critic B collapse)
n_stat,statutory_periodic (agency contrast),conversion_ge10,non-residential-to-residential conversion (10+ units),log_cost,0.13724224191181236,0.004477250458793013,30.65324202318814,0.0,0.12846699226281263,0.1460174915608121,1.147105992014927,1.1370838881056373,1.1572164293953169,385747,406769,47287,nta^first_permit_quarter,log(active months),bbl,2020-01..2026-05,base project (Critic B collapse)
n_stat,statutory_periodic (agency contrast),conversion_ge10,non-residential-to-residential conversion (10+ units),log_floor,0.008055608660119855,0.003593770591782613,2.241547826825541,0.024990611169575017,0.001011947731526735,0.015099269588712976,1.0080881423765156,1.0010124599233883,1.0152138394739971,385747,406769,47287,nta^first_permit_quarter,log(active months),bbl,2020-01..2026-05,base project (Critic B collapse)
n_stat,statutory_periodic (agency contrast),conversion_ge10,non-residential-to-residential conversion (10+ units),floor_missing,-1.0750959710760781,0.07299984251644175,-14.727373841031703,0.0,-1.2181730332853997,-0.9320189088667565,0.3412650021598566,0.29577003562303716,0.3937579459455422,385747,406769,47287,nta^first_permit_quarter,log(active months),bbl,2020-01..2026-05,base project (Critic B collapse)
n_stat,statutory_periodic (agency contrast),conversion_ge10,non-residential-to-residential conversion (10+ units),jt_new_building,0.9743229761560236,0.03673060950610515,26.526185904812642,0.0,0.9023323043938529,1.0463136479181943,2.6493729150255123,2.4653463491864502,2.847136202662586,385747,406769,47287,nta^first_permit_quarter,log(active months),bbl,2020-01..2026-05,base project (Critic B collapse)
n_stat,statutory_periodic (agency contrast),conversion_ge10,non-residential-to-residential conversion (10+ units),jt_alteration_co,-0.034680412366397316,0.04686573925287908,-0.7399949924883946,0.4593030327859293,-0.12653557341088545,0.05717474867809081,0.9659140611244565,0.8811428037309742,1.058840825264001,385747,406769,47287,nta^first_permit_quarter,log(active months),bbl,2020-01..2026-05,base project (Critic B collapse)
n_stat,statutory_periodic (agency contrast),conversion_ge10,non-residential-to-residential conversion (10+ units),jt_altco_existing,0.9386778487783787,0.04619670994041914,20.319149350440995,0.0,0.8481339610909137,1.0292217364658438,2.5565989723149976,2.33528505077779,2.798886715377704,385747,406769,47287,nta^first_permit_quarter,log(active months),bbl,2020-01..2026-05,base project (Critic B collapse)
n_stat,statutory_periodic (agency contrast),conversion_ge10,non-residential-to-residential conversion (10+ units),jt_full_demolition,0.5413759771464879,0.10946068678037653,4.9458485331150195,7.581289258595802e-07,0.32683697333393025,0.7559149809590455,1.7183696736249177,1.386575409986968,2.1295591382668166,385747,406769,47287,nta^first_permit_quarter,log(active months),bbl,2020-01..2026-05,base project (Critic B collapse)
n_stat,statutory_periodic (agency contrast),conversion_office,office/store-class conversion (relaxed + PLUTO class O/K),conversion_office,-0.15847315301507614,0.24087826254533637,-0.6578972769917313,0.5106041405156838,-0.630585872262519,0.3136395662323667,0.8534458759319361,0.5322798616306789,1.36839643136942,385747,406769,47287,nta^first_permit_quarter,log(active months),bbl,2020-01..2026-05,base project (Critic B collapse)
n_stat,statutory_periodic (agency contrast),conversion_office,office/store-class conversion (relaxed + PLUTO class O/K),log_cost,0.13731037990093126,0.004475524475612964,30.68028800850773,0.0,0.12853851311680234,0.14608224668506017,1.1471841561734732,1.1371652162246662,1.1572913675152718,385747,406769,47287,nta^first_permit_quarter,log(active months),bbl,2020-01..2026-05,base project (Critic B collapse)
n_stat,statutory_periodic (agency contrast),conversion_office,office/store-class conversion (relaxed + PLUTO class O/K),log_floor,0.008121274305015986,0.003594219343323648,2.259537754728702,0.02384995455433092,0.00107673383956443,0.015165814770467542,1.0081543413079708,1.001077313725554,1.0152813993113305,385747,406769,47287,nta^first_permit_quarter,log(active months),bbl,2020-01..2026-05,base project (Critic B collapse)
n_stat,statutory_periodic (agency contrast),conversion_office,office/store-class conversion (relaxed + PLUTO class O/K),floor_missing,-1.0740097951565215,0.0730072420149917,-14.711003532169842,0.0,-1.2171013601165046,-0.9309182301965383,0.34163587736878814,0.29608717433855125,0.39419158552301087,385747,406769,47287,nta^first_permit_quarter,log(active months),bbl,2020-01..2026-05,base project (Critic B collapse)
n_stat,statutory_periodic (agency contrast),conversion_office,office/store-class conversion (relaxed + PLUTO class O/K),jt_new_building,0.974367484000534,0.03673770823113627,26.522271826818237,0.0,0.9023628989929662,1.0463720690081018,2.6494908355274385,2.465421776623509,2.847302540321427,385747,406769,47287,nta^first_permit_quarter,log(active months),bbl,2020-01..2026-05,base project (Critic B collapse)
n_stat,statutory_periodic (agency contrast),conversion_office,office/store-class conversion (relaxed + PLUTO class O/K),jt_alteration_co,-0.031025543383998055,0.04706010205017926,-0.6592748853565198,0.50971926675187,-0.12326164851112899,0.06121056174313287,0.9694508097054576,0.8840323265557468,1.0631227435994692,385747,406769,47287,nta^first_permit_quarter,log(active months),bbl,2020-01..2026-05,base project (Critic B collapse)
n_stat,statutory_periodic (agency contrast),conversion_office,office/store-class conversion (relaxed + PLUTO class O/K),jt_altco_existing,0.9471925787586956,0.045611636272652654,20.766467861329573,0.0,0.8577954143883556,1.0365897431290356,2.578460663348214,2.3579566421387774,2.8195850905908295,385747,406769,47287,nta^first_permit_quarter,log(active months),bbl,2020-01..2026-05,base project (Critic B collapse)
n_stat,statutory_periodic (agency contrast),conversion_office,office/store-class conversion (relaxed + PLUTO class O/K),jt_full_demolition,0.5416016105975596,0.10946684217165659,4.947631628473086,7.512190312031208e-07,0.3270505424397823,0.756152678755337,1.718757439049375,1.3868715712818012,2.1300653899461257,385747,406769,47287,nta^first_permit_quarter,log(active months),bbl,2020-01..2026-05,base project (Critic B collapse)
n_caller_incident,"caller placebo: construction-incident complaints (mixed_incident, agency=0)",conversion,"non-residential-to-residential conversion, any size (Alt-CO family, 0 existing units, >0 proposed)",conversion,0.4667678305249235,0.1642608903733767,2.841624865565546,0.004488427142113727,0.14482240132462298,0.788713259725224,1.5948310893340043,1.1558342774020687,2.2005630506331744,347866,406769,26471,nta^first_permit_quarter,log(active months),bbl,2020-01..2026-05,base project (Critic B collapse)
n_caller_incident,"caller placebo: construction-incident complaints (mixed_incident, agency=0)",conversion,"non-residential-to-residential conversion, any size (Alt-CO family, 0 existing units, >0 proposed)",log_cost,0.03915034338850502,0.0056269692591455695,6.957625248240618,3.460565167756613e-12,0.02812168629846567,0.050179000478544365,1.0399268180195622,1.028520833699942,1.0514592912483387,347866,406769,26471,nta^first_permit_quarter,log(active months),bbl,2020-01..2026-05,base project (Critic B collapse)
n_caller_incident,"caller placebo: construction-incident complaints (mixed_incident, agency=0)",conversion,"non-residential-to-residential conversion, any size (Alt-CO family, 0 existing units, >0 proposed)",log_floor,0.04096404000444843,0.00783242177483359,5.230060533265749,1.6945454417438555e-07,0.0256127754140473,0.056315304594849555,1.0418146412220113,1.025943600960951,1.0579312017229092,347866,406769,26471,nta^first_permit_quarter,log(active months),bbl,2020-01..2026-05,base project (Critic B collapse)
n_caller_incident,"caller placebo: construction-incident complaints (mixed_incident, agency=0)",conversion,"non-residential-to-residential conversion, any size (Alt-CO family, 0 existing units, >0 proposed)",floor_missing,-1.2191337600345182,0.1545581573113292,-7.887864226918777,3.1086244689504383e-15,-1.5220621818815996,-0.9162053381874369,0.2954860178917878,0.2182613279885875,0.40003415893314515,347866,406769,26471,nta^first_permit_quarter,log(active months),bbl,2020-01..2026-05,base project (Critic B collapse)
n_caller_incident,"caller placebo: construction-incident complaints (mixed_incident, agency=0)",conversion,"non-residential-to-residential conversion, any size (Alt-CO family, 0 existing units, >0 proposed)",jt_new_building,0.6416457997153071,0.07981595633398042,8.039066737863996,8.881784197001252e-16,0.48520939990908385,0.7980821995215304,1.8996046768636554,1.6245151465545775,2.2212768751436447,347866,406769,26471,nta^first_permit_quarter,log(active months),bbl,2020-01..2026-05,base project (Critic B collapse)
n_caller_incident,"caller placebo: construction-incident complaints (mixed_incident, agency=0)",conversion,"non-residential-to-residential conversion, any size (Alt-CO family, 0 existing units, >0 proposed)",jt_alteration_co,0.318586578655001,0.0631521743626369,5.04474441094602,4.541280000935899e-07,0.19481059135883894,0.4423625659511631,1.3751826774965004,1.215080817885841,1.5563799285193871,347866,406769,26471,nta^first_permit_quarter,log(active months),bbl,2020-01..2026-05,base project (Critic B collapse)
n_caller_incident,"caller placebo: construction-incident complaints (mixed_incident, agency=0)",conversion,"non-residential-to-residential conversion, any size (Alt-CO family, 0 existing units, >0 proposed)",jt_altco_existing,1.1797938535556178,0.0909027473065898,12.978638033639399,0.0,1.0016277427389564,1.3579599643722793,3.253703394363828,2.722710095029393,3.8882530306188943,347866,406769,26471,nta^first_permit_quarter,log(active months),bbl,2020-01..2026-05,base project (Critic B collapse)
n_caller_incident,"caller placebo: construction-incident complaints (mixed_incident, agency=0)",conversion,"non-residential-to-residential conversion, any size (Alt-CO family, 0 existing units, >0 proposed)",jt_full_demolition,1.6820983220833665,0.11902571253104827,14.13222644346351,0.0,1.448812212288294,1.915384431878439,5.376826456124218,4.258053846229277,6.789548414207776,347866,406769,26471,nta^first_permit_quarter,log(active months),bbl,2020-01..2026-05,base project (Critic B collapse)
n_caller_incident,"caller placebo: construction-incident complaints (mixed_incident, agency=0)",conversion_ge10,non-residential-to-residential conversion (10+ units),conversion_ge10,0.7555322094407995,0.22158094908079323,3.4097345127144303,0.0006502614550922825,0.32124152958224106,1.1898228892993579,2.128744159667516,1.3788385709826838,3.2864990816792785,347866,406769,26471,nta^first_permit_quarter,log(active months),bbl,2020-01..2026-05,base project (Critic B collapse)
n_caller_incident,"caller placebo: construction-incident complaints (mixed_incident, agency=0)",conversion_ge10,non-residential-to-residential conversion (10+ units),log_cost,0.038949367614509914,0.005624581471958801,6.924847263514794,4.364508754406415e-12,0.02792539050135938,0.04997334472766045,1.0397178389229838,1.028318959197257,1.05124307483211,347866,406769,26471,nta^first_permit_quarter,log(active months),bbl,2020-01..2026-05,base project (Critic B collapse)
n_caller_incident,"caller placebo: construction-incident complaints (mixed_incident, agency=0)",conversion_ge10,non-residential-to-residential conversion (10+ units),log_floor,0.0407980568061569,0.007832904297721162,5.208547845787716,1.9032427700516052e-07,0.02544584648827441,0.05615026712403938,1.0416417318462567,1.0257723555910396,1.0577566178399234,347866,406769,26471,nta^first_permit_quarter,log(active months),bbl,2020-01..2026-05,base project (Critic B collapse)
n_caller_incident,"caller placebo: construction-incident complaints (mixed_incident, agency=0)",conversion_ge10,non-residential-to-residential conversion (10+ units),floor_missing,-1.2213060625078114,0.15455191301838936,-7.902238404273225,2.6645352591003757e-15,-1.5242222457656216,-0.918389879250001,0.294844829563935,0.21779037840043497,0.3991612217172779,347866,406769,26471,nta^first_permit_quarter,log(active months),bbl,2020-01..2026-05,base project (Critic B collapse)
n_caller_incident,"caller placebo: construction-incident complaints (mixed_incident, agency=0)",conversion_ge10,non-residential-to-residential conversion (10+ units),jt_new_building,0.6426793050720954,0.07978845585068024,8.054790611248759,8.881784197001252e-16,0.4862968052226979,0.7990618049214928,1.9015689433380942,1.6262826137594408,2.223453916111796,347866,406769,26471,nta^first_permit_quarter,log(active months),bbl,2020-01..2026-05,base project (Critic B collapse)
n_caller_incident,"caller placebo: construction-incident complaints (mixed_incident, agency=0)",conversion_ge10,non-residential-to-residential conversion (10+ units),jt_alteration_co,0.32517652942496866,0.0628345486498304,5.175123183221057,2.2776066188612276e-07,0.20202307708647116,0.44832998176346617,1.3842749896811173,1.2238762512835526,1.565695261303588,347866,406769,26471,nta^first_permit_quarter,log(active months),bbl,2020-01..2026-05,base project (Critic B collapse)
n_caller_incident,"caller placebo: construction-incident complaints (mixed_incident, agency=0)",conversion_ge10,non-residential-to-residential conversion (10+ units),jt_altco_existing,1.1853223096228305,0.08879184875840317,13.349449596978381,0.0,1.0112934839356327,1.3593511353100283,3.2717411652052144,2.7491547036476023,3.893666019557149,347866,406769,26471,nta^first_permit_quarter,log(active months),bbl,2020-01..2026-05,base project (Critic B collapse)
n_caller_incident,"caller placebo: construction-incident complaints (mixed_incident, agency=0)",conversion_ge10,non-residential-to-residential conversion (10+ units),jt_full_demolition,1.6818853765428663,0.11904628051570812,14.127996013457489,0.0,1.448558954238626,1.9152117988471067,5.375681606807946,4.2569755963602915,6.788376415049449,347866,406769,26471,nta^first_permit_quarter,log(active months),bbl,2020-01..2026-05,base project (Critic B collapse)
n_caller_incident,"caller placebo: construction-incident complaints (mixed_incident, agency=0)",conversion_office,office/store-class conversion (relaxed + PLUTO class O/K),conversion_office,0.5947763107164539,0.31555815611450316,1.8848389724416879,0.05945158150302965,-0.02370631029584036,1.213258931728748,1.8126254347228696,0.9765724769274048,3.364431257515886,347866,406769,26471,nta^first_permit_quarter,log(active months),bbl,2020-01..2026-05,base project (Critic B collapse)
n_caller_incident,"caller placebo: construction-incident complaints (mixed_incident, agency=0)",conversion_office,office/store-class conversion (relaxed + PLUTO class O/K),log_cost,0.03936055133751725,0.0056298950172688975,6.991347301643173,2.722488900985809e-12,0.028326159866928706,0.050394942808105796,1.0401454418805327,1.028731160527453,1.051686370334241,347866,406769,26471,nta^first_permit_quarter,log(active months),bbl,2020-01..2026-05,base project (Critic B collapse)
n_caller_incident,"caller placebo: construction-incident complaints (mixed_incident, agency=0)",conversion_office,office/store-class conversion (relaxed + PLUTO class O/K),log_floor,0.04114214134628299,0.007834791045783525,5.251211054112871,1.511024223521673e-07,0.02578623307015037,0.05649804962241561,1.0420002063317628,1.0261215741682292,1.0581245510558077,347866,406769,26471,nta^first_permit_quarter,log(active months),bbl,2020-01..2026-05,base project (Critic B collapse)
n_caller_incident,"caller placebo: construction-incident complaints (mixed_incident, agency=0)",conversion_office,office/store-class conversion (relaxed + PLUTO class O/K),floor_missing,-1.2156410805068867,0.1545624486847186,-7.865048016847805,3.774758283725532e-15,-1.5185779132912556,-0.9127042477225179,0.2965198602462225,0.2190231354784361,0.4014371693126267,347866,406769,26471,nta^first_permit_quarter,log(active months),bbl,2020-01..2026-05,base project (Critic B collapse)
n_caller_incident,"caller placebo: construction-incident complaints (mixed_incident, agency=0)",conversion_office,office/store-class conversion (relaxed + PLUTO class O/K),jt_new_building,0.641404006795615,0.07982207013154309,8.035421854364474,8.881784197001252e-16,0.4849556241663602,0.7978523894248699,1.8991454214271697,1.6241029363233859,2.2207664619415586,347866,406769,26471,nta^first_permit_quarter,log(active months),bbl,2020-01..2026-05,base project (Critic B collapse)
n_caller_incident,"caller placebo: construction-incident complaints (mixed_incident, agency=0)",conversion_office,office/store-class conversion (relaxed + PLUTO class O/K),jt_alteration_co,0.32798332385858475,0.06302400563216919,5.2041015255808025,1.9493741887366411e-07,0.2044585426580836,0.4515081050590859,1.3881658228468217,1.2268605924123714,1.5706791493978398,347866,406769,26471,nta^first_permit_quarter,log(active months),bbl,2020-01..2026-05,base project (Critic B collapse)
n_caller_incident,"caller placebo: construction-incident complaints (mixed_incident, agency=0)",conversion_office,office/store-class conversion (relaxed + PLUTO class O/K),jt_altco_existing,1.2371453890222368,0.0845804011202338,14.62685648964462,0.0,1.0713708490286273,1.4029199290158463,3.4457630988017187,2.9193787857148075,4.06705816701907,347866,406769,26471,nta^first_permit_quarter,log(active months),bbl,2020-01..2026-05,base project (Critic B collapse)
n_caller_incident,"caller placebo: construction-incident complaints (mixed_incident, agency=0)",conversion_office,office/store-class conversion (relaxed + PLUTO class O/K),jt_full_demolition,1.6823199694344761,0.1191032757556316,14.12488412901549,0.0,1.4488818385126956,1.9157581003562567,5.378018347550503,4.258350328763249,6.792085928493808,347866,406769,26471,nta^first_permit_quarter,log(active months),bbl,2020-01..2026-05,base project (Critic B collapse)
n_caller_all,caller placebo: all caller complaints (agency=0),conversion,"non-residential-to-residential conversion, any size (Alt-CO family, 0 existing units, >0 proposed)",conversion,0.45506645982506977,0.11602155954880501,3.9222577389475957,8.772307969207027e-05,0.2276683816792427,0.6824645379708969,1.576278138722291,1.2556688535846605,1.9787484283938948,400877,406769,134142,nta^first_permit_quarter,log(active months),bbl,2020-01..2026-05,base project (Critic B collapse)
n_caller_all,caller placebo: all caller complaints (agency=0),conversion,"non-residential-to-residential conversion, any size (Alt-CO family, 0 existing units, >0 proposed)",log_cost,0.10747085423240474,0.0047409387688776995,22.668686408250284,0.0,0.09817878499249479,0.11676292347231469,1.1134584076736265,1.1031599959304077,1.1238529589476696,400877,406769,134142,nta^first_permit_quarter,log(active months),bbl,2020-01..2026-05,base project (Critic B collapse)
n_caller_all,caller placebo: all caller complaints (agency=0),conversion,"non-residential-to-residential conversion, any size (Alt-CO family, 0 existing units, >0 proposed)",log_floor,0.02729305031890298,0.004489800620122284,6.078900296058053,1.2100955792959667e-09,0.018493202805697703,0.036092897832108256,1.027668917344427,1.0186652610803344,1.0367521540450173,400877,406769,134142,nta^first_permit_quarter,log(active months),bbl,2020-01..2026-05,base project (Critic B collapse)
n_caller_all,caller placebo: all caller complaints (agency=0),conversion,"non-residential-to-residential conversion, any size (Alt-CO family, 0 existing units, >0 proposed)",floor_missing,-0.7403356205283594,0.06995556212541408,-10.5829414850689,0.0,-0.8774460028124254,-0.6032252382442935,0.47695381316494107,0.4158436200179495,0.5470444391638337,400877,406769,134142,nta^first_permit_quarter,log(active months),bbl,2020-01..2026-05,base project (Critic B collapse)
n_caller_all,caller placebo: all caller complaints (agency=0),conversion,"non-residential-to-residential conversion, any size (Alt-CO family, 0 existing units, >0 proposed)",jt_new_building,0.4111718047295312,0.06187161252841907,6.645564709351488,3.020561578637171e-11,0.2899056725084126,0.5324379369506498,1.5085845162497795,1.3363014321182005,1.7030792514089563,400877,406769,134142,nta^first_permit_quarter,log(active months),bbl,2020-01..2026-05,base project (Critic B collapse)
n_caller_all,caller placebo: all caller complaints (agency=0),conversion,"non-residential-to-residential conversion, any size (Alt-CO family, 0 existing units, >0 proposed)",jt_alteration_co,0.33173644683594233,0.043522920128308246,7.622109129120079,2.4868995751603507e-14,0.24643309088244475,0.4170398027894399,1.3933855689403494,1.2794535732440522,1.5174629109898001,400877,406769,134142,nta^first_permit_quarter,log(active months),bbl,2020-01..2026-05,base project (Critic B collapse)
n_caller_all,caller placebo: all caller complaints (agency=0),conversion,"non-residential-to-residential conversion, any size (Alt-CO family, 0 existing units, >0 proposed)",jt_altco_existing,0.7267193403804987,0.06286984025370008,11.559109064822684,0.0,0.6034967177694599,0.8499419629915375,2.0682841290794753,1.8285013881285384,2.3395110697620796,400877,406769,134142,nta^first_permit_quarter,log(active months),bbl,2020-01..2026-05,base project (Critic B collapse)
n_caller_all,caller placebo: all caller complaints (agency=0),conversion,"non-residential-to-residential conversion, any size (Alt-CO family, 0 existing units, >0 proposed)",jt_full_demolition,1.002324373286672,0.10659014785362114,9.403536757103959,0.0,0.7934115223867751,1.2112372241865688,2.7246074788652024,2.2109261991825746,3.357636232558468,400877,406769,134142,nta^first_permit_quarter,log(active months),bbl,2020-01..2026-05,base project (Critic B collapse)
n_caller_all,caller placebo: all caller complaints (agency=0),conversion_ge10,non-residential-to-residential conversion (10+ units),conversion_ge10,0.7798627500804058,0.16424179013631815,4.748260168335548,2.0517399839103945e-06,0.4579547566568363,1.1017707435039754,2.1811728791510108,1.5808374790708881,3.0094903440295853,400877,406769,134142,nta^first_permit_quarter,log(active months),bbl,2020-01..2026-05,base project (Critic B collapse)
n_caller_all,caller placebo: all caller complaints (agency=0),conversion_ge10,non-residential-to-residential conversion (10+ units),log_cost,0.10723749761429481,0.0047396158680282335,22.625778248756596,0.0,0.09794802121240492,0.1165269740161847,1.1131986050997098,1.1029054559301388,1.1235878177344283,400877,406769,134142,nta^first_permit_quarter,log(active months),bbl,2020-01..2026-05,base project (Critic B collapse)
n_caller_all,caller placebo: all caller complaints (agency=0),conversion_ge10,non-residential-to-residential conversion (10+ units),log_floor,0.027111042978798076,0.004489456846674775,6.038824718602324,1.5524075358541722e-09,0.018311869249168757,0.035910216708427395,1.0274818910788655,1.0184805596324216,1.0365627762949345,400877,406769,134142,nta^first_permit_quarter,log(active months),bbl,2020-01..2026-05,base project (Critic B collapse)
n_caller_all,caller placebo: all caller complaints (agency=0),conversion_ge10,non-residential-to-residential conversion (10+ units),floor_missing,-0.7420808432601964,0.06993231146013186,-10.611415921569442,0.0,-0.8791456550776926,-0.6050160314427002,0.4761221484593346,0.4151374307752664,0.5460656723490008,400877,406769,134142,nta^first_permit_quarter,log(active months),bbl,2020-01..2026-05,base project (Critic B collapse)
n_caller_all,caller placebo: all caller complaints (agency=0),conversion_ge10,non-residential-to-residential conversion (10+ units),jt_new_building,0.41233184959108643,0.061851484513556244,6.666482669477626,2.620059724733892e-11,0.29110516755417926,0.5335585316279936,1.5103355574128634,1.3379052807776377,1.7049887826586356,400877,406769,134142,nta^first_permit_quarter,log(active months),bbl,2020-01..2026-05,base project (Critic B collapse)
n_caller_all,caller placebo: all caller complaints (agency=0),conversion_ge10,non-residential-to-residential conversion (10+ units),jt_alteration_co,0.33458002429913436,0.04323204457088447,7.739167268634441,9.992007221626409e-15,0.24984677396217042,0.4193132746360983,1.3973534074962335,1.2838286856332148,1.5209167448056105,400877,406769,134142,nta^first_permit_quarter,log(active months),bbl,2020-01..2026-05,base project (Critic B collapse)
n_caller_all,caller placebo: all caller complaints (agency=0),conversion_ge10,non-residential-to-residential conversion (10+ units),jt_altco_existing,0.731839232056223,0.0615145215284282,11.897015759409138,0.0,0.61127298533429,0.8524054787781561,2.078900674364692,1.8427757327958816,2.3452815971897145,400877,406769,134142,nta^first_permit_quarter,log(active months),bbl,2020-01..2026-05,base project (Critic B collapse)
n_caller_all,caller placebo: all caller complaints (agency=0),conversion_ge10,non-residential-to-residential conversion (10+ units),jt_full_demolition,1.0018582767646371,0.10664691401509784,9.394160965809153,0.0,0.7928341662327054,1.2108823872965688,2.7233378447044116,2.209650075759587,3.3564450307136333,400877,406769,134142,nta^first_permit_quarter,log(active months),bbl,2020-01..2026-05,base project (Critic B collapse)
n_caller_all,caller placebo: all caller complaints (agency=0),conversion_office,office/store-class conversion (relaxed + PLUTO class O/K),conversion_office,0.4632103781832959,0.25543104277243306,1.8134459036600976,0.06976307502492407,-0.03742526618418307,0.9638460225507749,1.589167633450755,0.963266403604888,2.6217604577054905,400877,406769,134142,nta^first_permit_quarter,log(active months),bbl,2020-01..2026-05,base project (Critic B collapse)
n_caller_all,caller placebo: all caller complaints (agency=0),conversion_office,office/store-class conversion (relaxed + PLUTO class O/K),log_cost,0.10770840890291199,0.004743130678881506,22.7082946254205,0.0,0.09841204359833722,0.11700477420748676,1.1137229463387386,1.1034173475066478,1.1241247964827452,400877,406769,134142,nta^first_permit_quarter,log(active months),bbl,2020-01..2026-05,base project (Critic B collapse)
n_caller_all,caller placebo: all caller complaints (agency=0),conversion_office,office/store-class conversion (relaxed + PLUTO class O/K),log_floor,0.027441427386573885,0.004491429004049781,6.109731972125309,9.97985916129096e-10,0.018638388299517708,0.03624446647363006,1.0278214111579318,1.018813167235956,1.0369093050698837,400877,406769,134142,nta^first_permit_quarter,log(active months),bbl,2020-01..2026-05,base project (Critic B collapse)
n_caller_all,caller placebo: all caller complaints (agency=0),conversion_office,office/store-class conversion (relaxed + PLUTO class O/K),floor_missing,-0.7367552896706387,0.06995355673995018,-10.532063328952663,0.0,-0.8738617414714203,-0.5996488378698572,0.47866452625191414,0.4173367865801256,0.5490043917994756,400877,406769,134142,nta^first_permit_quarter,log(active months),bbl,2020-01..2026-05,base project (Critic B collapse)
n_caller_all,caller placebo: all caller complaints (agency=0),conversion_office,office/store-class conversion (relaxed + PLUTO class O/K),jt_new_building,0.41118466486941324,0.061889727842080355,6.643827323309679,3.056399577872071e-11,0.2898830272859499,0.5324863024528766,1.5086039169824301,1.336271171617622,1.703161623684255,400877,406769,134142,nta^first_permit_quarter,log(active months),bbl,2020-01..2026-05,base project (Critic B collapse)
n_caller_all,caller placebo: all caller complaints (agency=0),conversion_office,office/store-class conversion (relaxed + PLUTO class O/K),jt_alteration_co,0.3424297958240028,0.04346154672564366,7.8789141579712485,3.3306690738754696e-15,0.25724672952933647,0.4276128621186691,1.4083654770536747,1.2933641985354858,1.533592254372428,400877,406769,134142,nta^first_permit_quarter,log(active months),bbl,2020-01..2026-05,base project (Critic B collapse)
n_caller_all,caller placebo: all caller complaints (agency=0),conversion_office,office/store-class conversion (relaxed + PLUTO class O/K),jt_altco_existing,0.7714755357463285,0.05915988366847108,13.04051813336276,0.0,0.6555242944265459,0.8874267770661112,2.1629554183806476,1.9261521235108372,2.4288715749900525,400877,406769,134142,nta^first_permit_quarter,log(active months),bbl,2020-01..2026-05,base project (Critic B collapse)
n_caller_all,caller placebo: all caller complaints (agency=0),conversion_office,office/store-class conversion (relaxed + PLUTO class O/K),jt_full_demolition,1.0020648903997547,0.10660115945858259,9.400131250815182,0.0,0.7931304571507214,1.210999323648788,2.723900581568712,2.2103048720093286,3.3568375441010434,400877,406769,134142,nta^first_permit_quarter,log(active months),bbl,2020-01..2026-05,base project (Critic B collapse)
